company_name,company_url,careers_url,has_careers_page,roles,contact_email,apply_url,careers_summary,role_count,roles_json
XO1,https://www.xo1.com,,False,[],,,No publicly available careers page information found.,0,[]
BlueGnome,https://www.bluegnome.com,,False,[],,,Acquired by Illumina; likely no independent hiring.,0,[]
Cambridge CMOS Sensors,https://www.cmossensors.com,,False,[],,,Early-stage semiconductor company; hiring status unclear.,0,[]
Centessa,https://www.centessa.com,,False,[],,,Biopharmaceutical company likely actively recruiting for R&D roles.,0,[]
Gyroscope,https://www.gyroscopetx.com,,False,[],,,Therapeutic company with potential openings in clinical and research areas.,0,[]
Solexa,https://www.solexa.com,,False,[],,,Acquired by Illumina in 2007; no longer independent.,0,[]
Quethera,https://www.quethera.com,,False,[],,,Private biotech company; limited public careers information.,0,[]
VocalIQ,https://www.vocaliq.com,,False,[],,,Acquired by Apple in 2015; no independent operations.,0,[]
8power,https://www.8power.com,,False,[],,,Energy technology company; hiring status unknown.,0,[]
Accelerated Materials,https://www.acceleratedmaterials.com,,False,[],,,Materials science startup; likely actively seeking engineers and scientists.,0,[]
AEMS,https://www.aems.com,,False,[],,,Engineering consulting firm; hiring status unclear.,0,[]
Aetosense,https://www.aetosense.com,,False,[],,,Sensing technology company; limited public careers information.,0,[]
AllFocal Optics,https://www.allfocaloptics.com,,False,[],,,Optical technology startup; hiring information not publicly available.,0,[]
Aqdot,https://www.aqdot.com,,False,[],,,Quantum technology company; likely seeking PhDs and researchers.,0,[]
BKwai,https://www.bkwai.com,,False,[],,,AI/ML startup; status of hiring initiatives unclear.,0,[]
Bond180,https://www.bond180.com,,False,[],,,Software/data company; hiring information not publicly available.,0,[]
Cambridge Innovation System,https://www.cis.com,,False,[],,,Engineering company; hiring status unknown.,0,[]
Cambridge Touch Technologies,https://www.cambridgetouchtech.com,,False,[],,,Touch interface technology company; likely seeking engineers.,0,[]
Enval,https://www.enval.com,,False,[],,,Environmental/sustainability company; hiring status unclear.,0,[]
Focal Point Positioning,https://www.focalpointpositioning.com,,False,[],,,Positioning/location technology company; hiring information limited.,0,[]
IKVA,https://www.ikva.com,,False,[],,,Investment firm or holding company; hiring status unclear.,0,[]
Immaterial,https://www.immaterial.com,,False,[],,,Technology company; limited public careers information.,0,[]
Intellegens,https://www.intellegens.com,,False,[],,,AI/ML company specializing in materials design; likely actively hiring.,0,[]
JoltSynSor,https://www.joltsynsor.com,,False,[],,,Sensor technology startup; hiring information not public.,0,[]
Matta,https://www.matta.com,,False,[],,,Materials or technology company; hiring status unclear.,0,[]
MedicBank Healthcare,https://www.medicbank.com,,False,[],,,Healthcare company; likely seeking clinical and IT roles.,0,[]
Myriofoam,https://www.myriofoam.com,,False,[],,,Materials technology company; hiring information limited.,0,[]
Nanomation,https://www.nanomation.com,,False,[],,,Nanotechnology/automation company; hiring status unknown.,0,[]
Nu Quantum,https://www.nuquantum.com,,False,[],,,Quantum technology company actively building team for scaling.,0,[]
Paragraf,https://www.paragraf.com,,False,[],,,Graphene semiconductor materials company; likely seeking engineers.,0,[]
PervasID,https://www.pervasid.com,,False,[],,,Wireless/RFID technology company; hiring status unclear.,0,[]
Pinepeak,https://www.pinepeak.com,,False,[],,,Software/technology company; hiring information not public.,0,[]
Planetary Processing,https://www.planetaryprocessing.com,,False,[],,,Materials processing/recycling company; hiring status unclear.,0,[]
Poro Technologies,https://www.porotech.com,,False,[],,,Semiconductor/LED technology company; likely seeking engineers.,0,[]
ProSpectral,https://www.prospectral.com,,False,[],,,Spectral imaging technology company; hiring information limited.,0,[]
RegGenome,https://www.reggenome.com,,False,[],,,Genomics/biotech company; likely seeking research scientists.,0,[]
Riverlane,https://www.riverlane.com,,False,[],,,Quantum computing software company actively growing team.,0,[]
RoboK,https://www.robok.com,,False,[],,,Robotics company; hiring status and roles unclear.,0,[]
Signaloid,https://www.signaloid.com,,False,[],,,Computing/uncertainty quantification software company; likely hiring.,0,[]
Sorex Sensors,https://www.sorexsensors.com,,False,[],,,Sensor technology company; hiring information not public.,0,[]
Sqwish,https://www.sqwish.com,,False,[],,,Software or hardware company; hiring status unclear.,0,[]
Super-Sharp Space Systems,https://www.supersharp.com,,False,[],,,Space technology company; likely seeking engineers for satellite systems.,0,[]
Tenyks,https://www.tenyks.com,,False,[],,,AI/ML platform for agriculture or farming; likely actively hiring.,0,[]
Trismik,https://www.trismik.com,,False,[],,,Technology company; hiring status and details unclear.,0,[]
Wave Photonics,https://www.wavephotonics.com,,False,[],,,No public careers information available.,0,[]
Zomp,https://www.zomp.com,,False,[],,,No public careers information available.,0,[]
52 North,https://www.52north.com,,False,[],,,No public careers information available.,0,[]
Abselion,https://www.abselion.com,,False,[],,,No public careers information available.,0,[]
Axiom Therapeutics,https://www.axiomtherapeutics.com,,False,[],,,No public careers information available.,0,[]
Bilitech,https://www.bilitech.com,,False,[],,,No public careers information available.,0,[]
Biomodal,https://www.biomodal.com,,False,[],,,No public careers information available.,0,[]
Biophonics,https://www.biophonics.com,,False,[],,,No public careers information available.,0,[]
BIOS Health,https://www.bioshealth.com,,False,[],,,No public careers information available.,0,[]
BioTryp Therapeutics,https://www.biotryp.com,,False,[],,,No public careers information available.,0,[]
Bit Bio,https://www.bitbio.com,,False,[],,,No public careers information available.,0,[]
Cambiotics,https://www.cambiotics.com,,False,[],,,No public careers information available.,0,[]
Cambridge Adaptive Testing,https://www.cambridgeadaptive.com,,False,[],,,No public careers information available.,0,[]
Cambridge Vision Technology,https://www.cambridgevision.com,,False,[],,,No public careers information available.,0,[]
CamBris Cardiac,https://www.cambriscardiac.com,,False,[],,,No public careers information available.,0,[]
CamGene Therapeutics,https://www.camgene.com,,False,[],,,No public careers information available.,0,[]
CardiaTec Biosciences,https://www.cardiatec.com,,False,[],,,No public careers information available.,0,[]
Carrick Therapeutics,https://www.carricktherapeutics.com,,False,[],,,No public careers information available.,0,[]
CellCentric,https://www.cellcentric.com,,False,[],,,No public careers information available.,0,[]
Cellestial Health,https://www.cellestialhealth.com,,False,[],,,No public careers information available.,0,[]
ConcR,https://www.concr.com,,False,[],,,No public careers information available.,0,[]
DefiniGEN,https://www.definigen.com,,False,[],,,No public careers information available.,0,[]
DIOSynVax,https://www.diosynvax.com,,False,[],,,No public careers information available.,0,[]
Electra Bio,https://www.electrabio.com,,False,[],,,No public careers information available.,0,[]
Evoralis,https://www.evoralis.com,,False,[],,,No public careers information available.,0,[]
Function Rx,https://www.functionrx.com,,False,[],,,No public careers information available.,0,[]
Gastrobody Therapeutics,https://www.gastrobody.com,,False,[],,,No public careers information available.,0,[]
Healthera,https://www.healthera.com,,False,[],,,No public careers information available.,0,[]
Immutrin,https://www.immutrin.com,,False,[],,,No public careers information available.,0,[]
Inotec AMD,https://www.inotecamd.com,,False,[],,,No public careers information available.,0,[]
Kalium Health,https://www.kaliumhealth.com,,False,[],,,No public careers information available.,0,[]
Mecha Health,https://www.mechahealth.com,,False,[],,,No public careers information available.,0,[]
NeoPhore,https://www.neophore.com,,False,[],,,No public careers information available.,0,[]
NoBACZ Healthcare,https://www.nobacz.com,,False,[],,,No public careers information available.,0,[]
Octiocor,https://www.octiocor.com,,False,[],,,No public careers information available.,0,[]
Orbit,https://www.orbit.com,,False,[],,,No public careers information available.,0,[]
Pharmenable,https://www.pharmenable.com,,False,[],,,No public careers information available.,0,[]
PneumaCare,https://www.pneumacare.com,,False,[],,,No public careers information available.,0,[]
Polypharmakos,https://www.polypharmakos.com,,False,[],,,No public careers information available.,0,[]
Pretzel Therapeutics,https://www.pretzeltherapeutics.com,,False,[],,,No public careers information available.,0,[]
Prodromic,https://www.prodromic.com,,False,[],,,No public careers information available.,0,[]
PsyOmics,https://www.psyomics.com,,False,[],,,No public careers information available.,0,[]
Qkine,https://www.qkine.com,,False,[],,,No public careers information available.,0,[]
Sano Genetics,https://www.sanogenetics.com,,False,[],,,No public careers information available.,0,[]
SDS Therapeutics,https://www.sdstherapeutics.com,,False,[],,,Early-stage therapeutic development company focused on precision medicine.,0,[]
Semarion,https://www.semarion.com,,False,[],,,Semiconductor and materials science company based in Cambridge.,0,[]
Sentinel Oncology,https://www.sentineloncology.com,,False,[],,,Oncology-focused biotech company developing novel cancer treatments.,0,[]
Sphere Bio,https://www.spherelife.com,,False,[],,,Life sciences company focused on biomaterials and drug delivery systems.,0,[]
Spirea,https://www.spirea.com,,False,[],,,Therapeutic development company in Cambridge biotech ecosystem.,0,[]
StemBond Technologies,https://www.stembond.com,,False,[],,,Cell and tissue engineering company developing regenerative medicine solutions.,0,[]
Storm Therapeutics,https://www.stormtherapeutics.com,,False,[],,,Cambridge-based epigenetics and drug development company.,0,[]
T-Therapeutics,https://www.ttherapeutics.com,,False,[],,,Therapeutic company focused on innovative treatment approaches.,0,[]
Transition Bio,https://www.transitionbio.com,,False,[],,,Biotechnology company developing next-generation therapeutics.,0,[]
TRIMTECH Therapeutics,https://www.trimtech.com,,False,[],,,Therapeutic innovation company in Cambridge.,0,[]
Trutina Therapeutics,https://www.trutina.com,,False,[],,,Drug development company focused on therapeutic solutions.,0,[]
UpFront Diagnostics,https://www.upfrontdiagnostics.com,,False,[],,,Diagnostic technology company developing point-of-care solutions.,0,[]
Vector Bioscience,https://www.vectorbioscience.com,,False,[],,,Vector-based therapeutic development company.,0,[]
Verinnogen,https://www.verinnogen.com,,False,[],,,Cambridge biotech company focused on therapeutic development.,0,[]
William Oak Diagnostics,https://www.williamoak.com,,False,[],,,Diagnostic company developing innovative testing solutions.,0,[]
Xterna,https://www.xterna.com,,False,[],,,External innovation and technology company.,0,[]
Zetta Genomics,https://www.zettagenomics.com,,False,[],,,Genomics company providing advanced sequencing and analysis services.,0,[]
Aspuna Group,https://www.aspuna.com,,False,[],,,Technology consulting and business solutions company.,0,[]
Cosysense,https://www.cosysense.com,,False,[],,,IoT and sensor technology company developing smart solutions.,0,[]
Kalamna Global,https://www.kalamna.com,,False,[],,,Global technology and consulting services company.,0,[]
Majicom,https://www.majicom.com,,False,[],,,Communication and technology solutions provider.,0,[]
Obliquity Group,https://www.obliquitygroup.com,,False,[],,,Consulting and professional services firm in Cambridge.,0,[]
WaterScope,https://www.waterscope.com,,False,[],,,Water analysis and environmental monitoring technology company.,0,[]
Where You At,https://www.whereyouat.com,,False,[],,,Location technology and analytics platform company.,0,[]
Barocal,https://www.barocal.com,,False,[],,,Barometric pressure sensor and measurement technology company.,0,[]
BravelyCultured,https://www.bravelycultured.com,,False,[],,,Cultured meat and biotech innovation company.,0,[]
Cambridge GaN Devices,https://www.cambridgegandevices.com,,False,[],,,Gallium nitride semiconductor device manufacturer.,0,[]
Cambridge Photon Technology (CPT),https://www.cambridgephotontech.com,,False,[],,,Photonics and optical technology solutions company.,0,[]
Carbon Re,https://www.carbonre.com,,False,[],,,Carbon removal and climate tech innovation company.,0,[]
Colorifix,https://www.colorifix.com,,False,[],,,Sustainable textile dyeing using synthetic biology.,0,[]
DeepForm,https://www.deepform.com,,False,[],,,AI and machine learning solutions for form processing.,0,[]
Echion Technologies,https://www.echiontech.com,,False,[],,,Battery technology company developing advanced energy storage solutions.,0,[]
illumion,https://www.illumion.com,,False,[],,,Photonics and optical solutions for imaging and sensing.,0,[]
Matnex,https://www.matnex.com,,False,[],,,Materials science company developing advanced materials.,0,[]
Molyon,https://www.molyon.com,,False,[],,,Molecular dynamics simulation and materials modeling company.,0,[]
Neela Biotech,https://www.neelabiotech.com,,False,[],,,Biotech company focused on therapeutic development.,0,[]
Neutreeno,https://www.neutreeno.com,,False,[],,,Energy and sustainability technology company.,0,[]
Nyobolt,https://www.nyobolt.com,,False,[],,,Next-generation battery technology and fast-charging solutions.,0,[]
Protonera,https://www.protonera.com,,False,[],,,Proton exchange membrane and fuel cell technology company.,0,[]
Reclinker,https://www.reclinker.com,,False,[],,,Polymer recycling and circular economy technology company.,0,[]
Remedium Energy,https://www.remediumenergy.com,,False,[],,,Energy storage and battery technology innovator.,0,[]
Seprify AG,https://www.seprify.com,,False,[],,,Separation technology company for chemical and pharma industries.,0,[]
Sparxell,https://www.sparxell.com,,False,[],,,Cell therapy and regenerative medicine company.,0,[]
Voltquant,https://www.voltquant.com,,False,[],,,Voltage and electrical measurement technology company.,0,[]
Xampla,https://www.xampla.com,,False,[],,,No dedicated careers page found; check main website for hiring updates.,0,[]
xWATTS,https://www.xwatts.com,,False,[],,,No dedicated careers page found; contact company directly for opportunities.,0,[]
AccelerComm,https://www.accelercomm.com,,False,[],,,No public careers information available.,0,[]
AiM Medical Robotics,https://www.aimmedicalrobotics.com,,False,[],,,No dedicated careers page found.,0,[]
Aibuild,https://www.aibuild.com,,False,[],,,No public careers information available.,0,[]
Alpine Eagle,https://www.alpineeagle.com,,False,[],,,No dedicated careers page found.,0,[]
Apperio,https://www.apperio.com,,False,[],,,No public careers information available.,0,[]
Audio Analytic,https://www.audioanalytic.com,,False,[],,,No dedicated careers page found.,0,[]
BMLL,https://www.bmlltech.com,,False,[],,,No public careers information available.,0,[]
Baseimmune,https://www.baseimmune.com,,False,[],,,No dedicated careers page found.,0,[]
Biobeats,https://www.biobeats.com,,False,[],,,No public careers information available.,0,[]
Bloomsbury AI,https://www.bloomsbury.ai,,False,[],,,No dedicated careers page found.,0,[]
Boltzbit,https://www.boltzbit.com,,False,[],,,No public careers information available.,0,[]
Charge Point Services,https://www.chargepointservices.com,,False,[],,,No public careers information available.,0,[]
Closed Loop Medicine,https://www.closedloopmedicine.com,,False,[],,,No dedicated careers page found.,0,[]
CybSafe,https://www.cybsafe.com,,False,[],,,No public careers information available.,0,[]
CyberSmart,https://www.cybersmart.co.uk,,False,[],,,No dedicated careers page found.,0,[]
DreamFold,https://www.dreamfold.com,,False,[],,,No public careers information available.,0,[]
FNA,https://www.fnatech.com,,False,[],,,No dedicated careers page found.,0,[]
Flink,https://www.flink.com,,False,[],,,No public careers information available.,0,[]
FocalPoint,https://www.focalpointgnss.com,,False,[],,,No dedicated careers page found.,0,[]
Foundries.io,https://www.foundries.io,,False,[],,,No public careers information available.,0,[]
Grapeshot,https://www.grapeshot.co.uk,,False,[],,,No dedicated careers page found.,0,[]
IONATE,https://www.ionate.com,,False,[],,,No public careers information available.,0,[]
Imandra,https://www.imandra.ai,,False,[],,,No dedicated careers page found.,0,[]
Imperagen,https://www.imperagen.com,,False,[],,,No public careers information available.,0,[]
MQube,https://www.mqube.com,,False,[],,,No dedicated careers page found.,0,[]
Mindgard,https://www.mindgard.com,,False,[],,,No public careers information available.,0,[]
Myrtle,https://www.myrtle.com,,False,[],,,No dedicated careers page found.,0,[]
Mytos,https://www.mytos.com,,False,[],,,No public careers information available.,0,[]
NanoSyrinx,https://www.nanosyrinx.com,,False,[],,,No dedicated careers page found.,0,[]
Neul,https://www.neul.com,,False,[],,,No public careers information available.,0,[]
Neurovalens,https://www.neurovalens.com,,False,[],,,No dedicated careers page found.,0,[]
OSS,https://www.oss.com,,False,[],,,No public careers information available.,0,[]
Optellum,https://www.optellum.com,,False,[],,,No dedicated careers page found.,0,[]
Opteran,https://www.opteran.com,,False,[],,,No public careers information available.,0,[]
Pangaea,https://www.pangaea.com,,False,[],,,No dedicated careers page found.,0,[]
Phonetic Arts,https://www.phoneticarts.com,,False,[],,,No public careers information available.,0,[]
Pictura Bio,https://www.picturabio.com,,False,[],,,No dedicated careers page found.,0,[]
Porotech,https://www.porotech.com,,False,[],,,No public careers information available.,0,[]
Power Challenge,https://www.powerchallenge.com,,False,[],,,No dedicated careers page found.,0,[]
QuadSAT,https://www.quadsat.com,,False,[],,,No public careers information available.,0,[]
QuantumDiamonds,https://www.quantumdiamonds.com,,False,[],,,No dedicated careers page found.,0,[]
RevEng,https://www.reveng.com,,False,[],,,No active careers page detected,0,[]
Risilience,https://www.risilience.com,,False,[],,,Climate resilience company with limited hiring information available,0,[]
Rosslyn,https://www.rosslyn.com,,False,[],,,No active careers page detected,0,[]
Secretarium,https://www.secretarium.com,,False,[],,,Cybersecurity focused company with no visible careers page,0,[]
Senseye,https://www.senseye.com,,False,[],,,Predictive maintenance AI company with limited public job listings,0,[]
Sirigen,https://www.sirigen.com,,False,[],,,Genomics startup with no visible careers page,0,[]
Spectral Edge,https://www.spectraledge.com,,False,[],,,Imaging technology company with limited hiring information,0,[]
Speechmatics,https://www.speechmatics.com,https://www.speechmatics.com/careers,True,"[{'title': 'Software Engineer', 'type': 'full-time', 'location': 'Cambridge'}, {'title': 'Machine Learning Engineer', 'type': 'full-time', 'location': 'Cambridge'}]",careers@speechmatics.com,https://www.speechmatics.com/careers,Speech recognition AI company actively hiring engineers in Cambridge,2,"[{""title"": ""Software Engineer"", ""type"": ""full-time"", ""location"": ""Cambridge""}, {""title"": ""Machine Learning Engineer"", ""type"": ""full-time"", ""location"": ""Cambridge""}]"
Spikes Cavell,https://www.spikescavell.com,,False,[],,,No visible careers page,0,[]
Synthesized,https://www.synthesized.io,https://www.synthesized.io/careers,True,"[{'title': 'Software Engineer', 'type': 'full-time', 'location': 'Cambridge'}, {'title': 'Data Scientist', 'type': 'full-time', 'location': 'Cambridge'}]",,https://www.synthesized.io/careers,Synthetic data platform company with active hiring for technical roles,2,"[{""title"": ""Software Engineer"", ""type"": ""full-time"", ""location"": ""Cambridge""}, {""title"": ""Data Scientist"", ""type"": ""full-time"", ""location"": ""Cambridge""}]"
Tagomics,https://www.tagomics.com,,False,[],,,Genomics research tools company with limited hiring information,0,[]
Those Beyond,https://www.thosebeyond.com,,False,[],,,No visible careers page,0,[]
Thought Machine,https://www.thoughtmachine.net,https://www.thoughtmachine.net/careers,True,"[{'title': 'Software Engineer', 'type': 'full-time', 'location': 'Cambridge'}, {'title': 'Product Manager', 'type': 'full-time', 'location': 'Cambridge'}]",,https://www.thoughtmachine.net/careers,Core banking platform company actively recruiting engineers and product roles,2,"[{""title"": ""Software Engineer"", ""type"": ""full-time"", ""location"": ""Cambridge""}, {""title"": ""Product Manager"", ""type"": ""full-time"", ""location"": ""Cambridge""}]"
ToffeeX,https://www.tofeex.com,,False,[],,,No visible careers page,0,[]
Trogenix,https://www.trogenix.com,,False,[],,,Biotech company with limited hiring information available,0,[]
TurinTech,https://www.turintechnologies.com,,False,[],,,No visible careers page,0,[]
Valarian,https://www.valarian.com,,False,[],,,No visible careers page,0,[]
Virti,https://www.virti.com,,False,[],,,VR/AR training platform with limited hiring information,0,[]
Vsim,https://www.vsim.com,,False,[],,,No visible careers page,0,[]
Wobble Genomics,https://www.wobblegenomics.com,,False,[],,,Genomics company with limited public hiring information,0,[]
causaLens,https://www.causalens.com,https://www.causalens.com/careers,True,"[{'title': 'Machine Learning Engineer', 'type': 'full-time', 'location': 'Cambridge'}, {'title': 'Data Scientist', 'type': 'full-time', 'location': 'Cambridge'}]",,https://www.causalens.com/careers,Causal AI platform company actively recruiting ML and data science talent,2,"[{""title"": ""Machine Learning Engineer"", ""type"": ""full-time"", ""location"": ""Cambridge""}, {""title"": ""Data Scientist"", ""type"": ""full-time"", ""location"": ""Cambridge""}]"
Genentech,https://www.gene.com,https://www.gene.com/careers,True,"[{'title': 'Scientist', 'type': 'full-time', 'location': 'Cambridge'}, {'title': 'Research Associate', 'type': 'full-time', 'location': 'Cambridge'}]",,https://www.gene.com/careers,Major biotech company with established Cambridge presence and ongoing recruitment,2,"[{""title"": ""Scientist"", ""type"": ""full-time"", ""location"": ""Cambridge""}, {""title"": ""Research Associate"", ""type"": ""full-time"", ""location"": ""Cambridge""}]"
Adora,https://www.adora.com,,False,[],,,No visible careers page,0,[]
ArkVax,https://www.arkvax.com,,False,[],,,Vaccine development company with limited hiring information,0,[]
Awen Oncology,https://www.awenoncology.com,,False,[],,,Oncology focused company with no visible careers page,0,[]
Coding Bio,https://www.codingbio.com,,False,[],,,Bioinformatics company with limited hiring information,0,[]
CoSyne Therapeutics,https://www.cosynetherapeutics.com,,False,[],,,Drug discovery company with limited hiring information,0,[]
Drishti Discoveries,https://www.drishtidiscoveries.com,,False,[],,,No visible careers page,0,[]
emm,https://www.emm.com,,False,[],,,No visible careers page,0,[]
Enhanc3D Genomics,https://www.enhanc3dgenomics.com,,False,[],,,Genomics company with limited hiring information,0,[]
Erebagen,https://www.erebagen.com,,False,[],,,No visible careers page,0,[]
HotHouse Therapeutics,https://www.hothousetherapeutics.com,,False,[],,,Drug discovery company with limited hiring information,0,[]
Indegra Therapeutics,https://www.indegra.com,,False,[],,,Therapeutics company with no visible careers page,0,[]
Phorest Diagnostics,https://www.phorestdiagnostics.com,,False,[],,,Diagnostics company with limited hiring information,0,[]
Proxximos,https://www.proxximos.com,,False,[],,,No visible careers page,0,[]
RevoNA,https://www.revona.com,,False,[],,,No visible careers page,0,[]
VentriPace Medical,https://www.ventripace.com,,False,[],,,Medical device company with limited hiring information,0,[]
5 Alarm Bio,https://www.5alarmbio.com,,False,[],,,"Early-stage biotech startup, limited public hiring information available",0,[]
AbOliGo,https://www.aboligo.com,,False,[],,,"Oligonucleotide therapeutics company, hiring status unclear from public data",0,[]
Abzena,https://www.abzena.com,,False,[],,,"Bioconjugation and drug delivery company, actively engaged in research collaborations",0,[]
Appraiseye,https://www.appraiseye.com,,False,[],,,"Medical imaging AI company, hiring status not publicly documented",0,[]
Artios Pharma,https://www.artiospharma.com,,False,[],,,"DNA repair drug development company, early-stage hiring activity",0,[]
Athernal Bio,https://www.athernal.com,,False,[],,,"Thermal biology and disease research company, limited hiring data available",0,[]
Axol Bioscience,https://www.axolbio.com,,False,[],,,"Stem cell and iPSC technology provider, may have research opportunities",0,[]
BenevolentAI,https://www.benevolent.com,https://www.benevolent.com/careers,True,[],,https://www.benevolent.com/careers,"AI drug discovery company actively hiring across research, engineering, and operational roles",0,[]
Biosceptre International,https://www.biosceptre.com,,False,[],,,Preclinical contract research organization with limited public recruitment information,0,[]
bit.bio,https://www.bit.bio,https://www.bit.bio/careers,True,[],,https://www.bit.bio/careers,"Induced pluripotent stem cell technology company, actively recruiting across multiple departments",0,[]
Cambridge Protein Arrays,https://www.cambridgeproteinarrays.co.uk,,False,[],,,"Protein array technology developer, small team with limited public hiring activity",0,[]
Cambridge Protein Works,https://www.cambridgeproteinworks.com,,False,[],,,"Protein engineering services company, hiring may be handled informally",0,[]
CellCodex,https://www.cellcodex.com,,False,[],,,"Spatial biology imaging company, early-stage expansion phase",0,[]
Cell Guidance Systems,https://www.cellgs.com,,False,[],,,"Cell therapy product development company, hiring status unclear from public data",0,[]
Charm Therapeutics,https://www.charmtherapeutics.com,,False,[],,,"Cell and gene therapy company, limited public recruitment information",0,[]
Dysplasia Diagnostics Limited,https://www.dysplasia.com,,False,[],,,Diagnostic testing company with small operational footprint,0,[]
Empyrean Therapeutics,https://www.empyreantherapeutics.com,,False,[],,,"Drug development company, early-stage with limited hiring information",0,[]
Epitopea,https://www.epitopea.com,,False,[],,,Immunology-focused biotech company with emerging hiring activity,0,[]
ExpressionEdits,https://www.expressionedits.com,,False,[],,,Gene therapy company with early-stage team development,0,[]
Forth Therapeutics,https://www.forthtx.com,,False,[],,,"Respiratory disease therapeutics company, limited hiring visibility",0,[]
F-star Therapeutics,https://www.f-star.com,,False,[],,,"Bispecific antibody therapeutic company, may have recruitment activity",0,[]
Gen2 Neuroscience,https://www.gen2neuroscience.com,,False,[],,,"Neuroscience drug development company, early-stage with limited public hiring",0,[]
Harness Therapeutics,https://www.harnesstherapeutics.com,,False,[],,,Immunology company with limited public recruitment information,0,[]
Inivata,https://www.inivata.com,,False,[],,,"Liquid biopsy diagnostics company, may have growth-related hiring",0,[]
Insmed,https://www.insmed.com,,False,[],,,"Specialty pharmaceutical company, established with regional operations",0,[]
Kymab,https://www.kymab.com,,False,[],,,"Antibody drug development company, may have ongoing recruitment",0,[]
LinkGevity,https://www.linkgevity.com,,False,[],,,Biotech company with limited public hiring information available,0,[]
LoQus23 Therapeutics,https://www.loqus23.com,,False,[],,,Drug development company in early growth phase with limited public hiring data,0,[]
Methuselah Health,https://www.methuselahhealth.com,,False,[],,,Longevity and aging research company with emerging hiring needs,0,[]
Mission Therapeutics,https://www.missiontherapeutics.com,,False,[],,,"Mitochondrial disease therapeutic company, limited public recruitment visibility",0,[]
Mosaic Therapeutics,https://www.mosaictherapeutics.com,,False,[],,,Gene therapy company with development-stage operations,0,[]
New Path Molecular,https://www.newpathmolecular.com,,False,[],,,Drug discovery company with limited public hiring information,0,[]
Nikon,https://www.nikon.com,,False,[],,,Global imaging and optics manufacturer with Cambridge research operations,0,[]
One Nucleus,https://www.one-nucleus.com,,False,[],,,"Life science networking and venture organization, limited direct hiring",0,[]
Orion Pharma,https://www.orionpharma.com,,False,[],,,Specialty pharmaceutical company with established operations,0,[]
Ovartix,https://www.ovartix.com,,False,[],,,Women's health biotech company with emerging team,0,[]
Petmedix,https://www.petmedix.com,,False,[],,,Veterinary therapeutics company with limited public hiring information,0,[]
PlaqueTec,https://www.plaquetec.com,,False,[],,,Diagnostic or biotech company with small operational footprint,0,[]
Promatix,https://www.promatix.com,,False,[],,,Biotech services or manufacturing company with limited hiring visibility,0,[]
Proteotype Diagnostics,https://www.proteotypediagnostics.com,,False,[],,,Protein diagnostics company in early development phase,0,[]
Phoremost,https://www.phoremost.com,,False,[],,,Drug discovery company with limited public hiring information,0,[]
RxCelerate,https://www.rxcelerate.com,,False,[],,,Clinical trial or pharmaceutical services company with regional operations,0,[]
SENISCA,https://www.seniscabio.com,,False,[],,,Senescence biology research company with emerging recruitment needs,0,[]
Spliceor,https://www.spliceor.com,,False,[],,,RNA splicing-focused therapeutics company with limited hiring visibility,0,[]
Stemnovate,https://www.stemnovate.com,,False,[],,,Biotech company focused on stem cell research; hiring status unavailable due to website access limitations,0,[]
Talisman Therapeutics,https://www.talismantherapeutics.com,,False,[],,,Biotech company developing cell therapy treatments; hiring details unavailable,0,[]
TRx Biosciences,https://www.trxbio.com,,False,[],,,Biotech research and development firm; career information not accessible,0,[]
Xap Therapeutics,https://www.xaptx.com,,False,[],,,Biotech company focused on drug development; specific hiring information unavailable,0,[]
Zoetis,https://www.zoetis.com,https://www.zoetis.com/careers,True,"[{'title': 'Various positions', 'type': 'unknown', 'location': 'Multiple locations including Cambridge'}]",,https://www.zoetis.com/careers,Large animal health company with global operations actively recruiting across multiple roles and locations,1,"[{""title"": ""Various positions"", ""type"": ""unknown"", ""location"": ""Multiple locations including Cambridge""}]"
Wellcome Sanger Institute,https://www.sanger.ac.uk,https://www.sanger.ac.uk/about/work-with-us,True,"[{'title': 'Research positions', 'type': 'full-time', 'location': 'Cambridge'}]",,https://www.sanger.ac.uk/about/work-with-us,World-leading genomics research institute actively recruiting scientists and support staff,1,"[{""title"": ""Research positions"", ""type"": ""full-time"", ""location"": ""Cambridge""}]"
EMBL's European Bioinformatics Institute,https://www.ebi.ac.uk,https://www.ebi.ac.uk/about/careers,True,"[{'title': 'Bioinformatics and software roles', 'type': 'full-time', 'location': 'Cambridge'}]",,https://www.ebi.ac.uk/about/careers,International bioinformatics research institute with ongoing recruitment of computational and research staff,1,"[{""title"": ""Bioinformatics and software roles"", ""type"": ""full-time"", ""location"": ""Cambridge""}]"
Wellcome Connecting Science,https://wellcome.org/connecting-science,,False,[],,,Science education and engagement program; employment opportunities may be available through parent Wellcome organization,0,[]
BioData Innovation Centre,https://www.biodata-innovation-centre.com,,False,[],,,Innovation centre for biodata and bioinformatics; hiring details not publicly visible,0,[]
Abbexa Ltd,https://www.abbexa.com,,False,[],,,Life sciences supplier; career information unavailable,0,[]
Agenus UK Ltd,https://www.agenusbio.com,,False,[],,,Biotech company focused on immunotherapy; hiring status unknown,0,[]
Ai Vivo Ltd,https://aivivo.com,,False,[],,,AI and biotech company; careers page not found,0,[]
Alan Boswell Group,https://www.alanboswell.com,,False,[],,,Insurance services group; hiring information not publicly available,0,[]
Alianza,https://www.alianza.com,,False,[],,,Company details unavailable; careers page not accessible,0,[]
Altium,https://www.altium.com,https://www.altium.com/careers,True,"[{'title': 'Engineering and software roles', 'type': 'full-time', 'location': 'Multiple locations'}]",,https://www.altium.com/careers,Electronic design software company with careers page; actively recruiting in various technical roles,1,"[{""title"": ""Engineering and software roles"", ""type"": ""full-time"", ""location"": ""Multiple locations""}]"
AMD Limited,https://www.amd.com,https://www.amd.com/en/careers,True,"[{'title': 'Engineering and technical roles', 'type': 'full-time', 'location': 'Multiple locations globally'}]",,https://www.amd.com/en/careers,Major semiconductor company actively hiring engineers and technical staff across multiple offices,1,"[{""title"": ""Engineering and technical roles"", ""type"": ""full-time"", ""location"": ""Multiple locations globally""}]"
Amgen,https://www.amgen.com,https://www.amgen.com/careers,True,"[{'title': 'Research, clinical, and operations roles', 'type': 'full-time', 'location': 'Global locations including Cambridge'}]",,https://www.amgen.com/careers,"Large biopharmaceutical corporation with extensive recruitment across research, development, and operations",1,"[{""title"": ""Research, clinical, and operations roles"", ""type"": ""full-time"", ""location"": ""Global locations including Cambridge""}]"
Analog Devices Ltd,https://www.analog.com,https://www.analog.com/en/careers.html,True,"[{'title': 'Engineering and technical positions', 'type': 'full-time', 'location': 'Multiple locations worldwide'}]",,https://www.analog.com/en/careers.html,Semiconductor company actively recruiting engineers and technical professionals globally,1,"[{""title"": ""Engineering and technical positions"", ""type"": ""full-time"", ""location"": ""Multiple locations worldwide""}]"
Astex Pharmaceuticals,https://www.astx.com,,False,[],,,Biopharmaceutical company; specific careers page not verified,0,[]
AVEVA,https://www.aveva.com,https://www.aveva.com/en/careers,True,"[{'title': 'Software and engineering roles', 'type': 'full-time', 'location': 'Multiple locations including Cambridge'}]",,https://www.aveva.com/en/careers,Industrial software company actively recruiting software engineers and technical staff,1,"[{""title"": ""Software and engineering roles"", ""type"": ""full-time"", ""location"": ""Multiple locations including Cambridge""}]"
Bulgin,https://bulgin.com,,False,[],,,Electronics components manufacturer; hiring information not publicly available,0,[]
Bango,https://www.bango.com,https://www.bango.com/careers,True,"[{'title': 'Various technical and business roles', 'type': 'full-time', 'location': 'Cambridge'}]",,https://www.bango.com/careers,Mobile commerce platform company with active recruitment in technical and business positions,1,"[{""title"": ""Various technical and business roles"", ""type"": ""full-time"", ""location"": ""Cambridge""}]"
Bard Pharmaceuticals Ltd,https://www.bardpharma.com,,False,[],,,Pharmaceutical company; specific careers information unavailable,0,[]
Bayer CropScience,https://www.cropscience.bayer.com,https://careers.bayer.com,True,"[{'title': 'Agricultural science and technical roles', 'type': 'full-time', 'location': 'Multiple locations'}]",,https://careers.bayer.com,Agricultural biotechnology division actively recruiting scientists and technical professionals,1,"[{""title"": ""Agricultural science and technical roles"", ""type"": ""full-time"", ""location"": ""Multiple locations""}]"
Beko,http://www.beko.com,,False,[],,,Consumer appliances company; Cambridge career opportunities not clearly published,0,[]
Biofidelity Ltd,https://www.biofidelity.com,,False,[],,,Biomedical research company; hiring details not publicly available,0,[]
BOXERsolutions Ltd,https://www.boxersolutions.com,,False,[],,,Business solutions company; careers page not found,0,[]
BRDG,https://www.bridg.com,,False,[],,,Company details limited; careers information not accessible,0,[]
Broadcom Ltd,https://www.broadcom.com,https://www.broadcom.com/company/careers,True,"[{'title': 'Engineering and technical roles', 'type': 'full-time', 'location': 'Multiple global locations'}]",,https://www.broadcom.com/company/careers,Large semiconductor company actively recruiting engineers and technical professionals worldwide,1,"[{""title"": ""Engineering and technical roles"", ""type"": ""full-time"", ""location"": ""Multiple global locations""}]"
Cambridge Consultants,https://www.cambridgeconsultants.com,https://www.cambridgeconsultants.com/careers,True,"[{'title': 'Engineering consultants, scientists, designers', 'type': 'full-time', 'location': 'Cambridge'}]",careers@cambridgeconsultants.com,https://www.cambridgeconsultants.com/careers,Leading technology consulting firm actively recruiting engineers and specialists in Cambridge,1,"[{""title"": ""Engineering consultants, scientists, designers"", ""type"": ""full-time"", ""location"": ""Cambridge""}]"
Cambridge Digital Health,https://www.cambridgedigitalhealth.com,,False,[],,,Digital health startup; hiring information not publicly visible,0,[]
Cambridge Flow Solutions,http://www.cambridgeflowsolutions.com,,False,[],,,Engineering solutions company; specific job listings not found,0,[]
Cambridge Future Tech,https://www.cambridgefuturetech.com,,False,[],,,Technology venture support organization; careers page not available,0,[]
Cambridge Heartwear,http://www.cambridgeheartwear.com,,False,[],,,Medical device startup focused on cardiac monitoring; hiring status unknown,0,[]
Cambridge Mechatronics,https://www.cambridgemechatronics.com,,False,[],,,Advanced actuators and motion control company; careers page not accessible,0,[]
Cerevance,https://www.cerevance.com,,False,[],,,Neuroscience biotech company; specific careers page not verified,0,[]
Citrix Systems UK Ltd,https://www.citrix.com,https://www.citrix.com/careers,True,"[{'title': 'Software engineers and technical roles', 'type': 'full-time', 'location': 'Multiple locations'}]",,https://www.citrix.com/careers,Enterprise software company with active recruitment across engineering and technical positions,1,"[{""title"": ""Software engineers and technical roles"", ""type"": ""full-time"", ""location"": ""Multiple locations""}]"
CN-Bio Innovations,https://www.cn-bio.com,,False,[],,,Biotech instrumentation company; careers information not publicly available,0,[]
Creasallis,https://www.creasallis.com,,False,[],,,Company details limited; hiring status unknown,0,[]
CS Genetics,http://www.csgenetics.com,,False,[],,,Genetics research company; careers page not found,0,[]
CW (Cambridge Wireless Ltd),https://www.cambridgewireless.co.uk,,False,[],,,Industry association for wireless and broadband; employment opportunities may be limited,0,[]
Dassault Syst√®mes Ltd,https://www.3ds.com,https://www.3ds.com/careers,True,"[{'title': 'Software engineers and technical specialists', 'type': 'full-time', 'location': 'Multiple locations globally'}]",,https://www.3ds.com/careers,Enterprise 3D software company actively recruiting engineers and specialists across multiple locations,1,"[{""title"": ""Software engineers and technical specialists"", ""type"": ""full-time"", ""location"": ""Multiple locations globally""}]"
DisplayLink (UK) Ltd,https://www.displaylink.com,,False,[],,,Display and graphics technology company; hiring status unclear from available data.,0,[]
Dr Reddy's,https://www.drreddys.com,,False,[],,,Pharmaceutical company with R&D operations; typically actively recruiting for pharma roles.,0,[]
Emberion Limited,https://www.emberion.com,,False,[],,,Photonics and quantum technology developer; early-stage hiring.,0,[]
Endomag,http://www.endomag.com,,False,[],,,Medical device company specializing in surgical guidance systems.,0,[]
EnSilica,http://www.ensilica.com,,False,[],,,Semiconductor design and consultancy firm offering custom silicon solutions.,0,[]
Excelitas Noblelight Ltd,https://www.excelitas.com,,False,[],,,Photonics and optoelectronics company serving medical and industrial markets.,0,[]
Exscientia,http://www.exscientia.ai,,False,[],,,AI-driven drug discovery platform combining computational chemistry and machine learning.,0,[]
EDX Medical Group Plc,http://www.edxmedical.com,,False,[],,,Medical device developer focusing on advanced imaging and diagnostics.,0,[]
Featurespace,https://www.featurespace.com,,False,[],,,Machine learning and AI company specializing in fraud detection and behavioral analytics.,0,[]
FlexEnable,https://www.flexenable.com,,False,[],,,Flexible electronics and display technology developer.,0,[]
Frontier Developments Plc,https://www.frontier.co.uk,,False,[],,,Video game development studio known for space simulation games.,0,[]
Gearset,https://www.gearset.com,,False,[],,,Salesforce DevOps and deployment management platform; actively hiring.,0,[]
Grant Thornton,https://www.grantthornton.co.uk,,False,[],,,Professional services and consulting firm; major graduate recruitment program.,0,[]
Hanwha Phasor,https://www.hanwha.com,,False,[],,,Antenna and RF systems company serving defence and satellite markets.,0,[]
Heartfelt Technologies,https://www.heartfelttech.com,,False,[],,,Digital health and biosensor technology startup.,0,[]
Hedera Innovations Ltd,https://www.hederainnovations.com,,False,[],,,Early-stage innovation company; specific sector focus unclear.,0,[]
Hereworks,https://www.hereworks.com,,False,[],,,Workplace collaboration or software platform; early-stage venture.,0,[]
Howden Insurance Brokers,https://www.howdengroup.com,,False,[],,,Insurance broking and risk management firm; large established employer.,0,[]
Huawei UK Research Centre,https://www.huawei.com/uk,,False,[],,,Telecommunications and technology research center for European operations.,0,[]
Immaterial Ltd,https://www.immaterial.com,,False,[],,,Materials science or computational startup; early-stage.,0,[]
Iprova,https://www.iprova.com,,False,[],,,Innovation management software platform.,0,[]
IQVIA,https://www.iqvia.com,,False,[],,,Pharmaceutical research and data analytics company; large employer actively hiring.,0,[]
Ignota Labs,https://www.ignotalabs.com,,False,[],,,Drug discovery biotech startup using advanced computational methods.,0,[]
Jagex,https://www.jagex.com,,False,[],,,Video game developer and publisher; creator of RuneScape MMO.,0,[]
Johnson Matthey,https://www.matthey.com,,False,[],,,Fine chemicals and advanced materials company; major Cambridge employer.,0,[]
Linguamatics,http://www.linguamatics.com,,False,[],,,Natural language processing and AI company for document analysis.,0,[]
Lucideon,http://www.lucideon.com,,False,[],,,Materials science research and technical consultancy firm.,0,[]
Mantle Space Ltd,https://www.mantlespace.co.uk,,False,[],,,Space technology or aerospace startup.,0,[]
Mathworks,https://www.mathworks.com,,False,[],,,MATLAB and Simulink software company; major Cambridge R&D site.,0,[]
MicrosensDx,http://www.microsensdx.com,,False,[],,,Diagnostics and biosensor technology company.,0,[]
Microsoft Cambridge,https://www.microsoft.com/en-gb/cambridge/,,False,[],,,Microsoft Research and development center; major tech employer.,0,[]
Mogrify,https://www.mogrify.co.uk,,False,[],,,Biotech company focused on cellular reprogramming and regenerative medicine.,0,[]
Mulberry Risk,https://www.mulberryrisk.com,,False,[],,,Risk management and financial technology platform.,0,[]
Mundipharma International Ltd,https://www.mundipharma.com,,False,[],,,Pharmaceutical company with major Cambridge operations.,0,[]
Mundipharma IT Services Ltd,https://www.mundipharma.com/en/innovation/mundipharma-it-services/,,False,[],,,IT services division of Mundipharma pharmaceutical company.,0,[]
Autonomy Corporation plc,https://www.autonomy.com,,False,[],,,AI and data analytics company specializing in pattern recognition.,0,[]
Zeus Technology Ltd,https://www.zeustechnology.com,,False,[],,,Web infrastructure and caching technology company.,0,[]
Owlstone Ltd,https://www.owlstone.co.uk,,False,[],,,Chemical detection and sensor technology company.,0,[]
Collabora Ltd,https://www.collabora.com,,False,[],,,Open source software consulting and development firm.,0,[]
Trustonic Ltd,https://www.trustonic.com,,False,[],,,Mobile security and trust platform company.,0,[]
Breathing Buildings Ltd,https://www.breathingbuildings.com,,False,[],,,No public careers page accessible.,0,[]
Scientia Ltd,https://www.scientia.com,,False,[],,,No public careers page accessible.,0,[]
Datanomic Ltd,https://www.datanomic.com,,False,[],,,No public careers page accessible.,0,[]
HutanBio Ltd,https://www.hutanbio.com,,False,[],,,No public careers page accessible.,0,[]
Applied Ecology,https://www.appliedecology.com,,False,[],,,No public careers page accessible.,0,[]
Witine Limited,https://www.witine.com,,False,[],,,No public careers page accessible.,0,[]
Lidya Tech,https://www.lidyatech.com,,False,[],,,No public careers page accessible.,0,[]
Legalesign,https://www.legalesign.com,,False,[],,,No public careers page accessible.,0,[]
RF Creations Ltd,https://www.rfcreations.com,,False,[],,,No public careers page accessible.,0,[]
NetworkMods,https://www.networkmods.com,,False,[],,,No public careers page accessible.,0,[]
Redbite Solutions,https://www.redbitesolutions.com,,False,[],,,No public careers page accessible.,0,[]
School Software Company,https://www.schoolsoftwarecompany.com,,False,[],,,No public careers page accessible.,0,[]
ProductLife Group,https://www.productlife.com,,False,[],,,No public careers page accessible.,0,[]
Tissue & Cell Technologies Ltd,https://www.tissueandcelltech.com,,False,[],,,No public careers page accessible.,0,[]
OriBiotech Ltd,https://www.oribiotech.com,,False,[],,,No public careers page accessible.,0,[]
Igennus Healthcare Nutrition,https://www.igennus.com,,False,[],,,No public careers page accessible.,0,[]
Cambridge Healthcare Research,https://www.cambridgehealthcareresearch.com,,False,[],,,No public careers page accessible.,0,[]
Chemical Computing Group,https://www.chemcomp.com,,False,[],,,No public careers page accessible.,0,[]
BlueScientific Ltd,https://www.bluescientific.com,,False,[],,,No public careers page accessible.,0,[]
Better Stronger Ltd,https://www.betterstronger.com,,False,[],,,No public careers page accessible.,0,[]
VCLS,https://www.vcls.com,,False,[],,,No public careers page accessible.,0,[]
Crayfish.io Ltd,https://www.crayfish.io,,False,[],,,No public careers page accessible.,0,[]
Arthur D. Little Limited,https://www.adl.com,,False,[],,,No public careers page accessible.,0,[]
British Standards Institute,https://www.bsigroup.com,,False,[],,,No public careers page accessible.,0,[]
F.Institute,https://www.f.institute,,False,[],,,No public careers page accessible.,0,[]
Clearly Education Ltd,https://www.clearlyeducation.com,,False,[],,,No public careers page accessible.,0,[]
CB3 Consulting Ltd,https://www.cb3consulting.com,,False,[],,,No public careers page accessible.,0,[]
Markham Insignis Cash Solutions,https://www.markhaminsignis.com,,False,[],,,No public careers page accessible.,0,[]
Qi3,https://www.qi3.co.uk,,False,[],,,No public careers page accessible.,0,[]
Kaplan Financial Ltd,https://www.kaplan.co.uk,,False,[],,,No public careers page accessible.,0,[]
First Ascent Group,https://www.firstascentgroup.com,,False,[],,,No public careers page accessible.,0,[]
DMFL Support Robotics,https://www.dmflsupportrobotics.com,,False,[],,,No public careers page accessible.,0,[]
Robotae,https://www.robotae.com,,False,[],,,No public careers page accessible.,0,[]
Fen Research Ltd,https://www.fenresearch.com,,False,[],,,No public careers page accessible.,0,[]
Cambridge Advanced Materials Ltd,https://www.cambridgeadvancedmaterials.com,,False,[],,,No public careers page accessible.,0,[]
Cydar Medical,https://www.cydar.com,,False,[],,,No public careers page accessible.,0,[]
Aavora Ltd,https://www.aavora.com,,False,[],,,No public careers page accessible.,0,[]
ACX Instruments Ltd,https://www.acxinstruments.com,,False,[],,,No public careers page accessible.,0,[]
Bensasson & Chalmers Ltd,https://www.bensassonchalmers.com,,False,[],,,No public careers page accessible.,0,[]
Ellexus,https://www.ellexus.com,,False,[],,,No public careers page accessible.,0,[]
Commsonic Ltd,https://www.commsonic.com,,False,[],,,No public careers page accessible.,0,[]
Supersense,https://www.supersense.com,,False,[],,,Limited public career information available.,0,[]
Quantios,https://www.quantios.com,,False,[],,,Limited public career information available.,0,[]
Waymap,https://www.waymap.com,https://www.waymap.com/careers,True,"[{'title': 'Product Designer', 'type': 'full-time', 'location': 'Cambridge'}, {'title': 'Senior Full Stack Engineer', 'type': 'full-time', 'location': 'Cambridge'}]",,https://www.waymap.com/careers,Accessibility mapping company actively hiring for engineering and design roles.,2,"[{""title"": ""Product Designer"", ""type"": ""full-time"", ""location"": ""Cambridge""}, {""title"": ""Senior Full Stack Engineer"", ""type"": ""full-time"", ""location"": ""Cambridge""}]"
Infersens Ltd,https://www.infersens.com,,False,[],,,Limited public career information available.,0,[]
All Focal,https://www.allfocal.com,,False,[],,,Limited public career information available.,0,[]
Cinema8,https://www.cinema8.com,,False,[],,,Limited public career information available.,0,[]
iot747,https://www.iot747.com,,False,[],,,Limited public career information available.,0,[]
Forefront,https://www.forefront.com,,False,[],,,Limited public career information available.,0,[]
Phantom Technology Ltd,https://www.phantomtechnology.com,,False,[],,,Limited public career information available.,0,[]
Cambridge Kinetics,https://www.cambridgekinetics.com,,False,[],,,Limited public career information available.,0,[]
Pilot Creative Ltd,https://www.pilotcreative.com,,False,[],,,Limited public career information available.,0,[]
HDR Nova,https://www.hdrnova.com,,False,[],,,Limited public career information available.,0,[]
Tebira Ltd,https://www.tebira.com,,False,[],,,Limited public career information available.,0,[]
Virtual Arts,https://www.virtualarts.com,,False,[],,,Limited public career information available.,0,[]
LispWorks,https://www.lispworks.com,,False,[],,,Limited public career information available.,0,[]
Green Custard Ltd,https://www.greencustard.com,,False,[],,,Limited public career information available.,0,[]
Archipelago Technology,https://www.archipelagotechnology.com,,False,[],,,Limited public career information available.,0,[]
VNC Automotive Ltd,https://www.vncautomotive.com,,False,[],,,Limited public career information available.,0,[]
Glenworth Associates Ltd,https://www.glenworthassociates.com,,False,[],,,Limited public career information available.,0,[]
Deyton Bell,https://www.deytonbell.com,,False,[],,,Limited public career information available.,0,[]
Sookio,https://www.sookio.com,,False,[],,,Limited public career information available.,0,[]
Linaud Health,https://www.linaudhealth.com,,False,[],,,Limited public career information available.,0,[]
Enterprise East,https://www.enterpriseeast.com,,False,[],,,Limited public career information available.,0,[]
Netmatters Ltd,https://www.netmatters.com,https://www.netmatters.com/careers,True,"[{'title': 'Web Developer', 'type': 'full-time', 'location': 'Cambridge'}, {'title': 'Digital Marketing Executive', 'type': 'full-time', 'location': 'Cambridge'}]",,https://www.netmatters.com/careers,Digital agency offering web development and marketing services with active hiring.,2,"[{""title"": ""Web Developer"", ""type"": ""full-time"", ""location"": ""Cambridge""}, {""title"": ""Digital Marketing Executive"", ""type"": ""full-time"", ""location"": ""Cambridge""}]"
BioMed Realty,https://www.biomedrealty.com,,False,[],,,Limited public career information available.,0,[]
TWI,https://www.twi-global.com,https://www.twi-global.com/careers,True,"[{'title': 'Materials Engineer', 'type': 'full-time', 'location': 'Cambridge'}, {'title': 'Welding Technician', 'type': 'full-time', 'location': 'Cambridge'}]",,https://www.twi-global.com/careers,Research and technology organization with engineering and materials science focus.,2,"[{""title"": ""Materials Engineer"", ""type"": ""full-time"", ""location"": ""Cambridge""}, {""title"": ""Welding Technician"", ""type"": ""full-time"", ""location"": ""Cambridge""}]"
Bruntwood SciTech,https://bruntwoodscitech.com,,False,[],,,Limited public career information available.,0,[]
